{
  "0": {
    "baseline": 0.8766533723806446,
    "ann": { "layer": 2.0, "err": 0.8985489376955816 },
    "linear": {
      "lambda": 10.0,
      "opt_val_err": 0.9040379448717216,
      "err": 35.65315114149829
    }
  },
  "1": {
    "baseline": 0.9369444494472982,
    "ann": { "layer": 2.0, "err": 0.741236250914573 },
    "linear": {
      "lambda": 10.0,
      "opt_val_err": 0.9326442049706468,
      "err": 0.9489747153022369
    }
  },
  "2": {
    "baseline": 1.6171556102726619,
    "ann": { "layer": 1.0, "err": 0.9078798320806 },
    "linear": {
      "lambda": 100.0,
      "opt_val_err": 0.8827473039570721,
      "err": 1.6094768157261155
    }
  },
  "3": {
    "baseline": 0.998972689664426,
    "ann": { "layer": 2.0, "err": 0.94522047940952 },
    "linear": {
      "lambda": 10.0,
      "opt_val_err": 1.1045907210296741,
      "err": 0.973240179546886
    }
  },
  "4": {
    "baseline": 0.7845642955795341,
    "ann": { "layer": 2.0, "err": 0.749493493582122 },
    "linear": {
      "lambda": 10.0,
      "opt_val_err": 0.8473532211184057,
      "err": 0.7443443629286077
    }
  },
  "5": {
    "baseline": 1.0853295639343885,
    "ann": { "layer": 1.0, "err": 0.938445991893919 },
    "linear": {
      "lambda": 100.0,
      "opt_val_err": 1.1423034647385821,
      "err": 1.0124557388927256
    }
  },
  "6": {
    "baseline": 0.7543338696105159,
    "ann": { "layer": 1.0, "err": 0.74615318989905 },
    "linear": {
      "lambda": 0.001,
      "opt_val_err": 2.347605363102525,
      "err": 0.7543296650303337
    }
  },
  "7": {
    "baseline": 0.8930015435633614,
    "ann": { "layer": 2.0, "err": 0.64107061641748 },
    "linear": {
      "lambda": 1000.0,
      "opt_val_err": 0.6576288677059645,
      "err": 1.142271116368571
    }
  },
  "8": {
    "baseline": 0.7630399087244842,
    "ann": { "layer": 2.0, "err": 0.69112828851685 },
    "linear": {
      "lambda": 0.001,
      "opt_val_err": 0.46946335445372833,
      "err": 0.7630366295674221
    }
  },
  "9": {
    "baseline": 1.1944964132192615,
    "ann": { "layer": 2.0, "err": 0.849837543691196 },
    "linear": {
      "lambda": 1.0,
      "opt_val_err": 0.7336096649598196,
      "err": 1.1880125292748553
    }
  }
}
