{
  "pca: True": {
    "k: 5": {
      "losses": {
        "fold: 1": 0.9467604756355286,
        "fold: 2": 0.8535975813865662,
        "fold: 3": 0.9932106733322144,
        "fold: 4": 1.1002572774887085,
        "fold: 5": 1.019506812095642
      },
      "rmse": 87.78959655761719
    },
    "k: 10": {
      "losses": {
        "fold: 1": 1.0077779293060303,
        "fold: 2": 0.9967719912528992,
        "fold: 3": 1.0163978338241577,
        "fold: 4": 0.9695034027099609,
        "fold: 5": 0.9950645565986633,
        "fold: 6": 0.982888400554657,
        "fold: 7": 0.8562972545623779,
        "fold: 8": 0.9856035113334656,
        "fold: 9": 1.0066967010498047,
        "fold: 10": 0.906103253364563
      },
      "rmse": 87.88140106201172
    }
  },
  "pca: False": {
    "k: 5": {
      "losses": {
        "fold: 1": 0.7761312127113342,
        "fold: 2": 0.7450118064880371,
        "fold: 3": 0.8141500353813171,
        "fold: 4": 0.7745824456214905,
        "fold: 5": 0.8012711405754089
      },
      "rmse": 87.91899871826172
    },
    "k: 10": {
      "losses": {
        "fold: 1": 0.8036332726478577,
        "fold: 2": 0.7250939011573792,
        "fold: 3": 0.8064745664596558,
        "fold: 4": 0.7765832543373108,
        "fold: 5": 0.7616514563560486,
        "fold: 6": 0.8086850643157959,
        "fold: 7": 0.77854984998703,
        "fold: 8": 0.8023790717124939,
        "fold: 9": 0.8080670237541199,
        "fold: 10": 0.8313333988189697
      },
      "rmse": 87.845703125
    }
  }
}
